Star Wars: Episode V: The Empire Strikes Back,1980,4.543700659673408,92470
The Godfather,1972,4.504490863092159,106327
Star Wars: Episode IV: A New Hope,1977,4.504097013523666,85184
Raiders of the Lost Ark,1981,4.504035123337732,118212
Star Wars: Episode VI: Return of the Jedi,1983,4.460729802129528,88846
The Simpsons: Season 2,1990,4.43796052277739,18593
The Godfather,1974,4.404083000530623,71614
Anne of Green Gables,1985,4.402805362462761,8056
The Simpsons: Treehouse of Horror,1990,4.386773547094188,15469
Seinfeld: Seasons 1 & 2,1989,4.385729613733906,11184
Ken Burns' Civil War,1990,4.364961030159268,5902
Indiana Jones and the Last Crusade,1989,4.333190133037694,144320
The Princess Bride,1987,4.299457643172055,88687
Star Trek: The Next Generation: Season 4,1990,4.2897727272727275,8624
Upstairs,1974,4.289408866995074,1624
The Blues Brothers: Extended Cut,1980,4.286960132890365,7224
The Simpsons: Season 1,1989,4.285617955880936,20762
GoodFellas: Special Edition,1990,4.284156269356694,90408
One Flew Over the Cuckoo's Nest,1975,4.276638026098143,87056
MASH: Season 8,1979,4.2690677966101696,4248
MASH: Season 6,1977,4.260139049826187,5178
MASH: Season 7,1978,4.240995024875622,5025
My Neighbor Totoro,1988,4.238021935732153,5197
Star Trek: The Next Generation: Season 2,1988,4.2301684159140835,8194
MASH: Season 5,1976,4.2268410679089765,5581
Red Dwarf: Series 4,1988,4.223595505617977,2670
Manon of the Spring (Jean de Florette,1986,4.221179624664879,1492
MASH: Season 4,1975,4.219814241486068,6137
Upstairs,1975,4.216450216450217,1848
The Muppet Show: Season 1,1976,4.212494500659921,2273
Cinema Paradiso: Director's Cut,1988,4.209467886094367,19244
Sense and Sensibility,1981,4.191339010690342,11038
Nausicaa of the Valley of the Wind,1984,4.18954150434522,6674
Poirot,1990,4.1894070236039145,1737
MASH: Season 3,1974,4.180828275615852,5602
Red Dwarf: Series 3,1988,4.175502742230347,2735
Monty Python and the Holy Grail,1975,4.173394289494513,84651
Stand by Me,1986,4.173013703690024,81219
Law & Order: Season 1,1990,4.16854764107308,5405
The Sting,1973,4.162278651918783,38514
All Creatures Great and Small: Series 3,1980,4.157967988865693,1437
Christmas with The Simpsons,1989,4.150783289817232,1532
Gandhi,1982,4.146188769414576,41850
Indiana Jones and the Temple of Doom,1984,4.145942705765196,103431
All Creatures Great and Small: The Specials,1983,4.1436950146627565,1023
Upstairs,1973,4.142226581657676,2039
All Creatures Great and Small: Series 2,1979,4.141587301587301,1575
Aliens: Collector's Edition,1986,4.140838273817731,43518
Apocalypse Now Redux,1979,4.138324255981327,41128
Thundercats: Season 1: Vol. 1,1985,4.137418755803157,1077
Lonesome Dove,1989,4.136212278876171,9610
All Creatures Great and Small: Series 4,1988,4.129191321499014,1014
Rain Man,1988,4.125280374596834,122158
Little House on the Prairie: Season 5,1978,4.121572212065813,1094
MASH: Season 1,1972,4.120294190974819,8022
The Return of Sherlock Holmes,1986,4.119812059514487,1277
Back to the Future,1985,4.1178636290631445,80941
Alien: Collector's Edition,1979,4.110710161662817,48496
Full Metal Jacket,1987,4.1102326695697515,70959
Bill Cosby: Himself,1983,4.1091621253406,5872
The Kids in the Hall: Season 2,1990,4.108587119321019,4006
Twin Peaks: Season 1,1990,4.107706592386258,10770
MASH: Season 2,1973,4.105082319255548,6985
Cheers: Season 6,1987,4.104103343465046,1316
A Christmas Story,1983,4.101459921035717,10891
Scarface: 20th Anniversary Edition,1983,4.100889317137125,63307
Northern Exposure: Season 1,1990,4.091503267973856,5202
Little House on the Prairie: Season 8,1981,4.086627417998318,1189
The Hunt for Red October,1990,4.085358382683276,83249
Jeeves and Wooster: Season 3,1990,4.081808396124865,1858
Little House on the Prairie: Season 6,1979,4.080265848670757,1956
Fawlty Towers: The Complete Set,1975,4.078977016674178,8876
The Adventures of Sherlock Holmes,1984,4.078547854785478,1515
Castle in the Sky,1986,4.076449461262186,9745
Gone in 60 Seconds,1974,4.075008663327348,31743
Willy Wonka & the Chocolate Factory,1971,4.074219138036244,70467
Black Adder IV,1989,4.0682689849143445,3911
Amadeus,1984,4.067877629063098,58576
Ferris Bueller's Day Off,1986,4.06614307342922,126816
Das Boot,1981,4.064793515171432,18258
The Shining,1980,4.064762656082439,81127
Quantum Leap: Season 2,1989,4.062008108752683,4193
National Lampoon's Animal House,1978,4.061282702678612,67311
Red Dwarf: Series 2,1988,4.060046189376443,3464
Smiley's People,1982,4.057806912991657,1678
Quantum Leap: Season 3,1990,4.057628146800122,3297
Black Adder II,1986,4.0566166439290585,4398
Glory,1989,4.056612136352647,49636
Inspector Morse 14: Driven to Distraction,1990,4.055555555555555,1116
Best of The Muppet Show: Diana Ross / Brooke Shields / Rudolph Nuryev,1976,4.055017605633803,2272
The Breakfast Club,1985,4.0533140606670015,95472
Miss Marple Mysteries: A Murder is Announced,1985,4.053144375553587,1129
Cheers: Season 5,1986,4.052936311000827,2418
The Kids in the Hall: Season 1,1989,4.048947849954255,4372
Fiddler on the Roof,1971,4.048716464003088,25905
Upstairs,1972,4.048034934497816,2290
Little House on the Prairie: Season 3,1976,4.0465302847974325,2493
The Untouchables,1987,4.034956881379796,45456
Quantum Leap: Season 1,1989,4.0339227715626125,5542
Raging Bull,1980,4.033873435109737,32031
Little House on the Prairie: Season 4,1977,4.033783783783784,2516
When Harry Met Sally,1989,4.0334391929759015,80295
Little House on the Prairie: Season 7,1980,4.032292787944026,1858
Married... with Children: Season 4,1989,4.028613352898019,1363
Dead Poets Society,1989,4.026789741438087,95335
The Times of Harvey Milk,1984,4.025763709974236,2717
House of Cards Trilogy I: House of Cards,1990,4.02497073741709,2563
North & South: The Complete Collection,1985,4.0218556701030925,2425
Miss Marple: Collection 2,1987,4.019591141396933,1174
Best of The Muppet Show: George Burns / Bob Hope / Dom DeLuise,1977,4.01875,3360
Inspector Morse 13: The Sins of the Father,1990,4.017982017982018,1001
Die Hard,1988,4.016484225269055,108528
Cheers: Season 4,1985,4.016039051603905,2868
The Cosby Show: Season 1,1984,4.014474244359302,2349
The Goonies,1985,4.013720432468031,72884
Scenes from a Marriage (Theatrical Version),1974,4.013100436681222,1145
Poirot: Peril at End House,1990,4.0126964933494556,1654
The Outlaw Josey Wales,1976,4.012163769617436,26061
Star Trek: The Next Generation: Season 3,1989,4.010611242655441,11403
Enter the Dragon: Special Edition,1973,4.009345794392523,13910
Soap: Season 2,1978,4.008181246066709,1589
21 Up,1977,4.00744248985115,1478
Talking Heads: Stop Making Sense,1984,4.0059612518628915,4697
Jeeves and Wooster: Season 4,1990,4.005681818181818,1760
Best of The Muppet Show: Harry Belafonte / Linda Ronstadt / John Denver,1978,4.0056749087961085,2467
Blazing Saddles,1974,4.004516415116031,60889
Soap: Season 3,1979,4.004042037186742,1237
Monty Python's And Now for Something Completely Different,1971,4.002840303912518,14083
Monty Python's The Meaning of Life: Special Edition,1983,4.001485453425601,27601
Black Adder III,1987,4.000231588698472,4318
Miss Marple Mysteries: A Pocketful of Rye,1985,3.9962335216572504,1062
28 Up,1985,3.994208494208494,1554
The Killing Fields,1984,3.9930902264648322,25037
Schoolhouse Rock!: Special 30th Anniversary Edition,1973,3.992318946598391,5468
Best of The Muppet Show: Elton John / Julie Andrews / Gene Kelly,1977,3.9911131898971,2138
Patton,1970,3.9890259896683706,37361
Robin Hood (Disney),1973,3.9889586902722254,26265
Little House on the Prairie: Season 2,1975,3.9886497064579256,2555
High Plains Drifter,1973,3.9883923778851313,14904
The Jewel in the Crown,1984,3.9880281690140844,1420
The Right Stuff,1983,3.987583318586681,33906
MacGyver: Season 2,1986,3.9867256637168142,1356
Jeeves and Wooster: Season 1,1990,3.986399183951037,2941
Sixteen Candles,1984,3.9861389471107507,65363
Miss Marple: Collection 1,1987,3.9861231569817868,1153
Platoon,1986,3.986038176860148,64175
Papillon,1973,3.985407616717979,23711
Grave of the Fireflies,1988,3.9839899763330084,7183
The Autobiography of Miss Jane Pittman,1973,3.9838788470933073,2047
Apocalypse Now,1979,3.9831422153918905,84590
Babette's Feast,1987,3.9825780247969216,9356
Kiki's Delivery Service,1989,3.982086406743941,10439
The Decalogue,1987,3.9819513471095997,3823
Star Trek: The Next Generation: Season 1,1987,3.9800233061428334,12014
Akira,1988,3.9781685467816854,15070
Return of the Dragon,1973,3.975325803649001,5755
Married... with Children: Season 3,1988,3.9748050389922014,3334
Joseph Campbell and The Power of Myth,1988,3.9743016759776535,1790
My Left Foot: Special Edition,1989,3.9734547568300718,10322
Where the Red Fern Grows,1974,3.972363778910231,5102
Blade Runner,1982,3.971446829070619,64161
Lethal Weapon,1987,3.9713169337696357,113377
The Exorcist: Restored Version,1973,3.9704589365217147,35713
Chinatown,1974,3.9692888632601053,53759
George Carlin: Carlin on Campus,1984,3.968763191219924,2369
Raw,1987,3.9685812469317625,16296
Harold and Maude,1971,3.9675298495890834,32245
George Carlin: Personal Favorites,1990,3.963855421686747,2241
Hoosiers,1986,3.960623828090122,33599
Cheers: Season 3,1984,3.9591304347826086,3450
That's Entertainment,1974,3.958955223880597,1608
Fanny and Alexander (Theatrical Version),1982,3.9570716749712536,2609
The Terminator,1984,3.956663704560954,96778
George Carlin: Playing with Your Head,1986,3.956460674157303,2136
The Last Waltz,1978,3.9550251664231206,6159
All the President's Men,1976,3.9550013702384215,36490
Cheers: Season 2,1983,3.952455590386625,3828
George Carlin Again!,1978,3.9515655577299413,2044
A Room with a View: Special Edition,1986,3.950943084050298,12088
Ran,1985,3.950934952852805,18771
Lean on Me,1989,3.9507142640502257,32971
Red Dwarf: Series 1,1988,3.9492927675473712,3747
Back to the Future Part II,1989,3.944533762057878,32344
Dances With Wolves: Special Edition,1990,3.9439681351431517,70799
I,1976,3.942956713132795,5452
Tampopo,1986,3.9425142135186353,4749
In Living Color: Season 2,1990,3.940675963129284,4231
The Fox and the Hound,1981,3.940374924410401,24805
Dersu Uzala,1975,3.939197405755979,2467
Yes,1986,3.938737040527804,1061
Chocolat,1988,3.9385110844817257,13352
All Creatures Great and Small: Series 1,1978,3.9381177481736143,2327
Best of The Muppet Show: Mark Hamill / Paul Simon / Raquel Welch,1978,3.937523242841205,2689
Europa Europa,1990,3.936382045224435,5926
The Secret of N-I-M-H,1982,3.9357865415628206,20463
Dawn of the Dead: European Version,1978,3.9357226334242306,2567
Trading Places,1983,3.9353067261873127,56451
The Cowboys,1972,3.9344605475040257,6210
Mississippi Burning,1988,3.9341293689704253,25292
All in the Family: Season 3,1972,3.9340836012861735,1244
Transformers: Season 1,1984,3.9334451901565997,1788
Brideshead Revisited,1981,3.9330912863070537,1928
Transformers: Season 3: Part 1,1986,3.9310580204778156,1465
MacGyver: Season 1,1985,3.929327126534067,2363
The Exorcist,1973,3.92499956057863,56893
Dawn of the Dead: Documentaries,1978,3.9240702479338845,1936
Little Big Man,1970,3.923452638321723,12489
The Muppet Movie,1979,3.9230903535573987,11455
Sherlock Holmes: The Hound of the Baskervilles,1984,3.9223300970873787,1236
The Winds of War,1983,3.9221668742216687,1606
George Carlin: Carlin at Carnegie,1982,3.9217537942664418,2965
Fast Times at Ridgemont High,1982,3.9179365733113674,58272
Poirot: The Mysterious Affair at Styles,1990,3.917590361445783,2075
Richard Pryor: Live on the Sunset Strip,1982,3.9169572798605055,4588
Monty Python's Life of Brian,1979,3.9168920467568187,43630
Married... with Children: Season 2,1987,3.9167495029821073,4024
Richard Pryor: Live in Concert,1979,3.9157182912749464,6063
Pale Rider,1985,3.915546417839633,18969
Hearts and Minds,1974,3.914393226716839,2126
Transformers: Season 3: Part 2/Season 4,1985,3.9133597883597884,1512
Henry V,1989,3.912188531972381,6662
Breaker Morant: Masterworks Edition,1980,3.9120603015075375,4776
Sanford and Son: Season 4,1972,3.9118150684931505,1168
Charlotte's Web,1973,3.9115765617575025,27357
Poirot: The ABC Murders,1988,3.9111314704535043,2183
The Lost Boys: Special Edition,1987,3.9098913302133735,37821
Empire of the Sun,1987,3.9093814010651373,24410
Sweeney Todd: The Demon Barber of Fleet Street,1982,3.9093264248704664,1158
Awakenings,1990,3.9085984885342673,30831
Torch Song Trilogy,1988,3.907756433490395,5518
Best of The Muppet Show: Peter Sellers / John Cleese / Dudley Moore,1978,3.907179601878774,4471
Say Anything,1989,3.9065668382467633,44877
Jeremiah Johnson,1972,3.906525735294118,10880
Better Off Dead,1985,3.9058073110126292,39037
Pretty Woman,1990,3.905046690292041,193295
Mr. Bean: The Whole Bean,1990,3.901760363429869,3522
George Carlin: On Location With George Carlin,1977,3.9009661835748792,2070
The Thin Blue Line,1988,3.9007407407407406,1350
Close Encounters of the Third Kind,1977,3.900568236540499,51915
Sanford and Son: Season 3,1972,3.900081234768481,1231
Shogun,1980,3.899468085106383,3760
Pee-Wee's Playhouse: Vol. 2,1987,3.898118402937127,2179
Midnight Express,1978,3.8975746924428822,14225
Into the Woods,1990,3.896185737976783,3015
Black Beauty,1971,3.8959965187119234,2298
Cry Freedom,1987,3.8953344343517755,4844
Keeping Up Appearances,1990,3.894896412329459,1979
The Deer Hunter,1978,3.8931820101945984,35509
Kelly's Heroes,1970,3.892605484336531,11779
Taxi Driver,1976,3.8926017262638717,81100
Big,1988,3.892444078110888,114043
Richard Pryor: Here and Now,1983,3.892385501545378,3559
Back to the Future Part III,1990,3.8919123505976096,25100
The Natural,1984,3.891547313519331,36237
The Man from Snowy River,1982,3.8887557603686638,10850
Return to Snowy River,1988,3.888587570621469,4425
The Golden Girls: Season 1,1985,3.887605369965657,3203
The Golden Girls: Season 2,1986,3.8875338753387534,2214
Jaws,1975,3.8860085139890255,81278
Tinker,1980,3.885618166526493,2378
Dog Day Afternoon,1975,3.8844258448060076,25568
Good Times: Season 4,1976,3.88401559454191,1026
Cheers: Season 1,1982,3.883290181238797,5021
V: The Complete TV Series,1983,3.88111067657411,2557
Little House on the Prairie: Season 1,1974,3.8804438860971526,4776
War and Remembrance: Vol. 1,1988,3.8793929712460065,1252
The Chinese Connection,1972,3.8776241679467485,1953
Lethal Weapon 2,1989,3.87695593799585,81930
Jesus of Nazareth,1977,3.8767517067912323,2783
Elizabeth R,1971,3.8755841121495327,1712
Misery,1990,3.87421873310409,46239
Sherlock Holmes: The Sign of Four,1987,3.8741776315789473,1216
The Thorn Birds,1983,3.8733333333333335,4350
Matewan,1987,3.872118959107807,4035
George Carlin: What Am I Doing in New Jersey?,1988,3.871331828442438,1772
The NeverEnding Story,1984,3.8707624640291978,42743
Inspector Morse 5: Last Seen Wearing,1988,3.8694109297374024,1409
Yes,1980,3.869275603663614,1201
Vampire Hunter D,1985,3.868952314653672,5746
Are You Being Served?,1972,3.8672060923369824,2101
Twister,1990,3.8663675380413576,10252
Kagemusha,1980,3.8655043586550435,2409
Pee-Wee's Playhouse: Vol. 1,1986,3.8652259332023577,2545
This Is Spinal Tap,1984,3.8651486354326203,54193
The Many Adventures of Winnie the Pooh,1977,3.8650253618705928,8083
Stand and Deliver,1987,3.8643841297636055,21701
Serpico,1973,3.8640426532852437,19131
Caddyshack,1980,3.8637984643695664,78795
Midway,1976,3.8629546122929126,10201
Being There,1979,3.8624017155110795,19586
Maurice,1987,3.8623805835269818,3873
Upstairs,1971,3.8610081541882875,2698
Good Times: Season 3,1975,3.8596491228070176,1083
Witness,1985,3.8594945128034586,30070
War and Remembrance: Vol. 2,1988,3.858886346300534,1311
Stripes,1981,3.858081565602457,56004
Steel Magnolias,1989,3.857711377256776,106291
G.I. Joe: Season 1: Part 2,1985,3.856152512998267,1154
The A-Team: Season 2,1983,3.8548387096774195,1302
The Black Stallion,1979,3.8540786841520336,8998
The Man Who Would Be King,1975,3.853620311357225,9571
Magnum P.I.: Season 2,1981,3.853610286844708,1011
Predator: Collector's Edition,1987,3.8533228832899193,43381
Labyrinth,1986,3.8530436693561048,31853
Good Morning,1987,3.85177639272324,82949
U2: Rattle and Hum,1988,3.8499767765908035,2153
Silverado,1985,3.8486620949307517,14874
In Living Color: Season 1,1990,3.8478991596638656,5950
The Women of Brewster Place,1989,3.847695390781563,2495
The Dark Crystal,1982,3.8464243329963517,22751
For Your Eyes Only,1981,3.846399670120097,19401
An Officer and a Gentleman,1982,3.8461109612444924,55605
A Soldier's Story,1984,3.8453437641041073,6647
Places in the Heart,1984,3.8449223581146077,14554
The Last Emperor,1987,3.844769489967836,26116
Chisum,1970,3.844205679201842,3909
Roger & Me,1989,3.84381315966764,26718
Soap: Season 1,1977,3.8435858964741185,2666
The Great Muppet Caper,1981,3.8415600243753807,6564
Doctor Who: The Talons of Weng-Chiang,1977,3.84051329055912,1091
Manhattan,1979,3.8403885184111335,20694
Brian's Song,1971,3.839878498589716,13827
Big Jake,1971,3.839396479463537,5965
Ghostbusters,1984,3.8390960386807778,104031
Bagdad Cafe,1988,3.8390778871978513,4468
Good Times: Season 2,1974,3.8383084577114426,1608
The Last Unicorn,1982,3.8380202474690663,5334
Transformers: Season 2: Part I,1985,3.8353584447144593,1646
Cyrano de Bergerac,1990,3.835093419983753,2462
Star Trek II: The Wrath of Khan,1982,3.8340813093980994,37880
The Karate Kid,1984,3.833650106728267,34199
The Outsiders,1983,3.833362173386399,28895
Rio Lobo,1970,3.8326563769293256,3693
An American Tail,1986,3.8323390677025526,14416
The Pink Panther Strikes Again,1976,3.831085694776374,11716
Sophie's Choice,1982,3.8309372233230743,23719
Dr. Seuss: The Lorax,1972,3.828587699316629,1756
Battlestar Galactica: Complete Epic Series,1978,3.828460038986355,2565
Salaam Bombay!,1988,3.828151260504202,2380
Top Gun,1986,3.827655587336029,152085
Flight of the Navigator,1986,3.82727033082905,15174
The Verdict,1982,3.8262608525997464,10251
Poltergeist,1982,3.8261550892485494,40841
Beverly Hills Cop,1984,3.8244890690921047,73004
Best of The Muppet Show: Steve Martin / Carol Burnett / Gilda Radner,1977,3.824207492795389,4164
Magnum P.I.: Season 1,1980,3.8232662192393736,1788
The Who: The Kids Are Alright,1979,3.8228176318063958,2314
Married... with Children: The Most Outrageous Episodes: Vol. 1,1987,3.8220880681818183,2816
My Father's Glory,1990,3.821774193548387,1240
Mask: Director's Cut,1985,3.821518193224592,22316
Doctor Who: The Five Doctors,1983,3.821132075471698,1325
Terms of Endearment,1983,3.819410029498525,50850
Driving Miss Daisy,1989,3.819154034698544,73029
Live and Let Die,1973,3.8190598510146416,19465
A Fish Called Wanda,1988,3.818362030832746,61039
The Accused,1988,3.818104566393846,22359
The Road Warrior,1981,3.81806729653572,30165
Roy Orbison: Black & White Night,1987,3.8166023166023164,1036
Memphis Belle,1990,3.81546308102469,17254
Girls Just Want to Have Fun,1985,3.8146341463414632,3485
Field of Dreams,1989,3.8140774149701895,64742
The Little Mermaid,1989,3.813627254509018,6986
Bedknobs and Broomsticks,1971,3.813071023674558,14995
The Rescuers,1977,3.812759883324024,16113
Three's Company: Season 3,1978,3.811278195488722,1330
The Fresh Prince of Bel Air: Season 1,1990,3.8107960741548528,3668
Revenge of the Pink Panther,1978,3.81046004842615,10325
The Return of the Pink Panther,1975,3.8104340327680366,6958
War Games,1983,3.809830979015269,36741
Airplane!,1980,3.8088894541061267,62906
Married... with Children: The Most Outrageous Episodes: Vol. 2,1987,3.8081662237255376,4139
Highlander,1986,3.808141537498043,31935
History of the World: Part 1,1981,3.8072124821185005,30059
Pink Floyd: Live at Pompeii: Director's Cut,1974,3.806663301362948,1981
G.I. Joe: Season 1: Part 1,1983,3.8065878378378377,1184
Woodstock: 3 Days of Peace & Music,1970,3.8064988290398127,3416
Kung Fu: Season 1,1972,3.8061868686868685,1584
The Elephant Man,1980,3.805864041729766,23772
Never Cry Wolf,1983,3.805345316934721,4228
Dangerous Liaisons,1988,3.8044329058007516,25807
Breaking Away,1979,3.8042653309046752,13176
The Dukes of Hazzard: Season 1,1979,3.8037974683544302,2528
La Femme Nikita,1990,3.8027038672842832,18566
Escape from Alcatraz,1979,3.8026284462644635,21001
Cahill: U.S. Marshall,1973,3.8013717421124826,3645
Three Days of the Condor,1975,3.8006456288293036,15179
Doctor Who: The Pirate Planet,1978,3.8005822416302766,1374
Doctor Who: The Ribos Operation,1978,3.8,1265
Explorers,1985,3.799402985074627,5025
Raising Arizona,1987,3.7993985474353154,88120
The Aristocats,1970,3.7993204881756,22369
The Enforcer,1976,3.799285953363829,8963
The Jerk,1979,3.798990373908094,40411
The Warriors,1979,3.7985561248253377,8588
Scooby-Doo Meets the Boo Brothers,1987,3.7983824378971693,1731
Presumed Innocent,1990,3.7973582605161553,24605
Richard Pryor: Live & Smokin',1985,3.7973209085614443,1717
Slap Shot: 25th Anniversary Edition,1977,3.7971929824561403,11400
Grease,1978,3.7954297301513025,102576
The Dukes of Hazzard: Season 2,1979,3.795221843003413,1758
Let's Do It Again,1975,3.795165394402036,1572
The Day of the Jackal,1973,3.794472084024323,9045
The Burning Bed,1984,3.7937140327578573,2259
A Bridge Too Far,1977,3.792402034101107,10029
The Land Before Time,1988,3.792114454594304,14888
Coal Miner's Daughter: Collector's Edition,1980,3.791031036296686,15208
The Mission: Special Edition,1986,3.79071930549814,9676
Marathon Man,1976,3.7898540555711477,14252
Simon and Garfunkel: Concert in Central Park,1982,3.7886412652767794,1391
The Spy Who Loved Me,1977,3.7859703020993343,19530
Pink Floyd: The Wall,1982,3.784855954398398,12982
The Rolling Stones: Gimme Shelter,1970,3.7836568566061364,3194
Brazil,1985,3.783238787449034,22564
Tora! Tora! Tora!,1970,3.782906337516855,9641
The Tin Drum,1979,3.780920421860019,2086
Rosencrantz and Guildenstern Are Dead,1990,3.7804802955665027,3248
Paris,1984,3.78031878031878,2886
Uptown Saturday Night,1974,3.7772511848341233,1266
Longtime Companion,1990,3.776667441320009,4303
The Abyss,1989,3.7765117182442056,38615
Dirty Harry,1972,3.7757337060094014,39355
The Dresser,1983,3.7755834829443446,1114
La Cage aux Folles,1979,3.7754030067016844,5521
Once Upon a Time in America,1984,3.774687535187479,8881
Moscow Does Not Believe in Tears,1980,3.7743506493506493,1232
84 Charing Cross Road,1986,3.772423398328691,3590
Ali: Fear Eats the Soul,1974,3.772011121408712,1079
Mary Tyler Moore: Season 1,1970,3.771671826625387,1292
Rocky,1976,3.7713108555633785,76698
All in the Family: Season 2,1971,3.7707170459424644,2329
National Lampoon's Vacation,1983,3.7706584852557112,78878
Hope and Glory,1987,3.7682386134623136,4962
The Trip to Bountiful,1985,3.7662001036806636,1929
The Return of Martin Guerre,1982,3.766153846153846,1625
The French Connection,1971,3.76456065927188,28759
Romancing the Stone,1984,3.7642561127227516,48260
Shaka Zulu,1986,3.7641311933007677,1433
Sanford and Son: Season 1,1972,3.7627291242362526,1964
Edward Scissorhands,1990,3.7625392440035164,79630
Night Court: Season 1,1984,3.761467889908257,1526
The Rescuers Down Under,1990,3.7606008583690986,11650
Pete's Dragon,1977,3.76054057858802,14207
Scarface,1983,3.760429835651075,3164
Pretty in Pink,1986,3.7592608326253187,47080
Miller's Crossing,1990,3.758622508174243,18962
Superman: The Movie,1978,3.7582782404624937,34941
The Shootist,1976,3.7581232128931634,7694
Parenthood,1989,3.7562770764429123,21467
The Journey of Natty Gann,1985,3.7557471264367814,1044
Sanford and Son: Season 2,1972,3.7551919446192574,1589
21 Jump Street: Season 2,1987,3.7550872093023258,1376
The A-Team: Season 1,1983,3.754601226993865,2282
The Adventures of Milo and Otis,1989,3.753836894372555,6646
Wings of Desire,1987,3.7515798342929365,7121
Play it Again,1972,3.7512410369553226,5439
Paper Moon,1973,3.7511092330445805,9466
Cheech & Chong's Next Movie,1980,3.7507423580786026,5725
Three's Company: Season 2,1977,3.7505800464037122,1724
Death of a Salesman,1985,3.750161186331399,3102
Married... with Children: Season 1,1987,3.7493343476607075,5258
Autumn Sonata,1978,3.7489504617968095,1191
Pelle the Conqueror,1987,3.747708250298924,2509
On Golden Pond,1981,3.745946376638381,50202
Magnum Force,1973,3.7450077945215647,13471
A Woman Under the Influence,1974,3.7449095022624435,1768
Down by Law,1986,3.7448356502533455,7697
Candleshoe,1977,3.744452945677123,1307
Murder on the Orient Express,1974,3.743782654127482,4785
The Big Chill,1983,3.741256274589608,36855
Doctor Who: The Armageddon Factor,1979,3.7401696222050886,1297
Doctor Who: The Androids of Tara,1978,3.739856801909308,1257
Ladyhawke,1985,3.7385254988913528,18040
Annie: Special Anniversary Edition,1982,3.73800268570217,14149
The Evil Dead,1982,3.7379863262997395,20331
Crossroads,1986,3.737134909596662,1438
American Graffiti: Collector's Edition,1973,3.736891195912243,24659
Ordinary People,1980,3.736853123429911,23884
A Clockwork Orange,1971,3.7355599266367188,75242
My Mother's Castle,1990,3.7325367647058822,1088
Out of Africa,1985,3.732454658105216,26631
For All Mankind,1989,3.731707317073171,1025
48 Hrs.,1983,3.7313429180239535,40829
Same Time,1978,3.730900554844217,4686
The Turning Point,1977,3.730344827586207,1450
Silkwood,1983,3.729331339457381,18724
Love and Death,1975,3.7291505791505792,5180
Moonlighting: Seasons 1 & 2,1985,3.7285644292013718,2041
Teen Witch,1989,3.7270114942528734,1392
Excalibur,1981,3.7265742128935533,10672
Chariots of Fire,1981,3.7262734169376066,19377
Annie Hall,1977,3.72495805783085,50665
Evil Dead 2: Dead by Dawn,1987,3.7243833968317626,19948
Crimes and Misdemeanors,1989,3.7235951638658658,13151
Fatal Attraction,1987,3.7228849886768036,49456
Cloak & Dagger,1984,3.7223029950567024,3439
Doctor Who: The Stones of Blood,1978,3.7220921155347386,1281
Mystery Science Theater 3000: The Hellcats,1990,3.720064724919094,1236
Gallipoli,1981,3.719706108125891,9119
Risky Business,1983,3.718350119904077,52125
The Goodbye Girl,1977,3.718332528569129,12426
Tales from the Crypt: Season 1,1989,3.7173770491803277,1525
Herbie Goes Bananas,1980,3.716082659478886,3339
Agatha Christie's Evil Under the Sun,1982,3.715892420537897,2045
The Gods Must Be Crazy,1980,3.7148665130776526,7379
Midnight Run,1988,3.7141820161509846,11021
The Apple Dumpling Gang Rides Again,1979,3.713291139240506,3160
The Killer,1989,3.713228894691036,2298
Camille Claudel,1989,3.712077641984184,2782
The Conversation,1974,3.711531595858622,14005
The Final Countdown,1980,3.7114517583408477,5545
The Secret Garden,1987,3.7109958506224068,4820
Wall Street,1987,3.710730785384292,28572
Herbie Rides Again,1974,3.7103700319780724,4378
Willow,1988,3.7101807580174926,42875
Real Genius,1985,3.7098665187943123,25247
Cocoon,1985,3.708896489888088,30113
Batman,1989,3.7082152974504248,76601
The Long Walk Home,1990,3.708125115676476,5403
Black Adder,1983,3.7073743541568813,4258
Strange Brew,1983,3.7071034482758622,14500
Star Trek IV: The Voyage Home,1986,3.7063233656070604,23342
Children of a Lesser God,1986,3.706276493914946,14626
Rooster Cogburn,1975,3.7062221055395117,7618
Kramer vs. Kramer,1979,3.705706894731285,37884
Wild at Heart,1990,3.705454080980968,7829
What's Happening!!: Season 1,1976,3.704201680672269,1190
Miami Vice: Season 1,1984,3.7032590051457976,1749
Freaky Friday,1976,3.702824858757062,7965
Herbie Goes to Monte Carlo,1977,3.702654867256637,3390
Dirty Dancing,1987,3.702535314828693,141442
The Apple Dumpling Gang,1975,3.702293443104969,6802
Blood Simple,1984,3.7021216883700045,17816
The Jeffersons: Season 2,1976,3.702005730659026,1396
No Way Out,1987,3.7015337084850493,18126
Some Kind of Wonderful,1987,3.7012952822240943,18992
The Jeffersons: Season 1,1975,3.700636942675159,1570
Somewhere in Time,1980,3.7002971660505906,13797
Cat on a Hot Tin Roof,1984,3.6996466431095407,3679
Murphy's Romance,1985,3.697506644728515,7901
Sweet Dreams,1985,3.6973505434782608,2944
Badlands,1973,3.6971748087110066,6796
Bruce Lee: Fists of Fury / Chinese Connection,1976,3.69625520110957,2163
Diva,1981,3.6957531519575317,3014
Heathers,1989,3.6953328003198083,40024
Bull Durham,1988,3.6949676280164803,40776
The Thing,1982,3.6949462611479533,21865
Beaches,1988,3.6926129880438556,60471
Planes,1987,3.692385847477887,50196
Victor / Victoria,1982,3.691882647020129,15202
Death on the Nile,1978,3.6918208373904577,4108
Scarlet Pimpernel,1982,3.6918103448275863,1392
All in the Family: Season 1,1971,3.6917148362235066,2595
Jagged Edge,1985,3.6908364259206397,10509
Network,1976,3.689880488878356,29537
Murphy Brown: Season 1,1988,3.689855072463768,1035
The Last Picture Show,1971,3.689651072935862,16823
The Man with the Golden Gun,1974,3.688888888888889,20655
Knight Rider: Season 2,1983,3.6886699507389165,1015
Cabaret,1972,3.688658167958996,15218
Tender Mercies,1983,3.688388045075943,6123
Deliverance,1972,3.688105749888973,38279
The Year of Living Dangerously,1983,3.6869388243744763,8353
The Night Stalker / The Night Strangler,1973,3.6867239732569246,1047
The Longest Yard,1974,3.68601255204126,16093
21 Jump Street: Season 1,1987,3.685438863521055,1971
The Name of the Rose,1986,3.684737772539776,5091
Punky Brewster: Season 1,1984,3.6840390879478826,1228
Mystery Train,1989,3.683820873961719,5538
The Glass Menagerie,1973,3.68379705400982,3055
Five Easy Pieces,1970,3.6836796275540995,11599
My Favorite Year,1982,3.6835175170467904,4253
Rambo: First Blood: Ultimate Edition,1982,3.682689519636586,31039
All That Jazz,1979,3.6818094690435115,5217
Hopscotch,1980,3.679960771493952,3059
Sleeper,1973,3.6797318558040906,14619
Transformers: The Movie,1986,3.6797020484171323,4296
Trail of the Pink Panther,1982,3.6790044671346522,3134
The Godfather,1990,3.6784690667598743,28610
Led Zeppelin: The Song Remains the Same,1976,3.6783725910064238,2335
Return from Witch Mountain,1978,3.677873338545739,2558
The Paper Chase,1973,3.6767017895969225,5979
V: The Original Miniseries,1983,3.6766917293233083,5054
Happy Days: Season 1,1974,3.675894665766374,1481
Heartbreak Ridge,1986,3.674624789940314,17257
Legend: The Director's Cut,1986,3.6734770150741247,16054
V: The Final Battle,1984,3.6731538256464944,3751
Can't Buy Me Love,1987,3.6730656428304806,18753
The Front,1976,3.672172808132147,1574
Young Guns,1988,3.672014455456387,36526
...And Justice for All,1979,3.6716535433070865,6350
Easy Money,1983,3.671510347864377,2271
Weird Science,1985,3.6715049104563837,41544
The Muppets Take Manhattan,1984,3.671170785940306,11693
Tootsie,1982,3.67091242435521,72543
Escape to Witch Mountain,1975,3.670394185071289,7154
Sleuth,1972,3.670346598202824,3895
Doctor Who: The Power of Kroll,1978,3.670111972437554,1161
Absence of Malice,1981,3.668982374887431,7773
Good Times: Season 1,1974,3.6663751639702666,2287
Support Your Local Gunfighter,1971,3.666350710900474,4220
Eight Men Out,1988,3.6659907055344316,11835
The Eagle Has Landed,1976,3.665746703465195,3261
Clash of the Titans,1981,3.6654022759033738,20036
Two Mules for Sister Sara,1970,3.665193212605162,7013
Lady Jane,1986,3.664837484170536,2369
The Bear,1988,3.6647555823777913,3314
Alf: Season 1,1986,3.6646903820816865,1518
The Cat from Outer Space,1978,3.6646099603349493,2269
Young Guns II,1990,3.664543367157988,13501
Doogie Howser,1989,3.661764705882353,1020
Moonstruck,1987,3.6615214072075464,47811
The Young Ones: Every Stoopid Episode,1982,3.661127895266868,1986
Missing,1982,3.6602230483271376,1345
Die Hard 2: Die Harder,1990,3.6600646404177746,62809
Murder by Death,1976,3.659882005899705,3390
The Great Santini,1979,3.659504132231405,4840
Mommie Dearest,1981,3.659470351180196,13896
Rocky II,1979,3.659191301393136,26487
Catch 22,1970,3.6589339961336647,7242
The Atomic Cafe,1982,3.658247829518548,1267
Time Bandits,1981,3.658130864096366,24407
Fitzcarraldo,1982,3.656632173095014,4252
Beetlejuice,1988,3.6557230073005167,70269
Pump Up the Volume,1990,3.655000372328543,13429
Hamburger Hill,1987,3.654997043169722,8455
Body Heat,1981,3.654378779013068,15381
Footloose: Special Collector's Edition,1984,3.653565831695729,40201
Twin Warriors,1984,3.6527886881382563,2546
King of New York: Special Edition (Widescreen),1990,3.6522842639593907,4728
Akira Kurosawa's Dreams,1990,3.6517391304347826,4600
Always,1989,3.6515742623221055,18199
A Charlie Brown Thanksgiving / The Mayflower Voyagers,1973,3.6504925209777452,2741
The Dead Zone,1983,3.649531199482703,9279
The Four Seasons,1981,3.6493594066082267,1483
Ghost,1990,3.649245741373836,135431
Mad Max,1979,3.6491480073229123,35505
Full House: Season 1,1987,3.647299813780261,2685
Eye of the Needle,1981,3.646514021095961,3887
Hiding Out,1987,3.6461218836565097,1444
Aguirre: The Wrath of God,1972,3.645967534140685,3881
Best of the Best,1989,3.6446866485013625,1835
Broadway Danny Rose,1984,3.644459551325629,4413
The Omen,1976,3.644342359767892,20680
The Taking of Pelham One Two Three,1974,3.6443243243243244,3700
Five Deadly Venoms,1978,3.6443148688046647,1029
Local Hero,1983,3.644070927225711,5414
National Lampoon's Christmas Vacation: Special Edition,1989,3.643247566991068,15002
Who Framed Roger Rabbit?: Special Edition,1988,3.642530984996738,39858
Taxi: Season 1,1978,3.642413487133984,1127
Do the Right Thing,1989,3.641357625080921,21626
Buck Rogers in the 25th Century: The Complete Epic Series,1979,3.640597539543058,1138
Cheech & Chong's Up in Smoke,1978,3.6405812324929974,22848
Major League,1989,3.6400465356773526,38680
Beverly Hills 90210: The Pilot Episode,1990,3.6381288614298324,2266
Traffik,1989,3.637471783295711,2215
Clue,1985,3.6373541606402466,20742
Amarcord,1974,3.637181044957473,4115
Taps,1981,3.6367760686184165,14107
The Last Detail,1973,3.635799522673031,4190
Splash: 20th Anniversary Edition,1984,3.6352928841045715,28612
Halloween 5: The Revenge of Michael Myers,1989,3.6346272335181764,3246
G.I. Joe: The Movie,1987,3.632547441058079,1739
A Christmas Carol,1984,3.6299104066161267,2902
Koyaanisqatsi: Life Out of Balance,1983,3.629452546019603,4183
D.A.R.Y.L.,1985,3.628957973517559,3474
Running on Empty,1988,3.628544717980679,3209
Norma Rae,1979,3.6273587241840426,20191
Foul Play,1978,3.62730174318684,4073
Little Monsters,1989,3.6263964666147053,3849
Mork & Mindy: Season 1,1978,3.626218851570964,1846
Day for Night,1973,3.6253430924062213,2186
The Year Without a Santa Claus,1974,3.624690338563171,2422
The Andromeda Strain,1971,3.6246505939902165,11448
Lucas,1986,3.624649518468853,8203
Halloween,1978,3.62363408775669,29559
The Living Daylights,1987,3.6217185028993146,9485
Zelig,1983,3.6212410916043805,5753
Which Way is Up?,1977,3.620669406928949,1703
On Any Sunday,1971,3.6201923076923075,1040
Force 10 from Navarone,1978,3.6177801919246786,5523
The Way We Were,1973,3.6176534492123844,18410
Shintaro Katsu's Zatoichi: The Blind Swordsman,1989,3.617094017094017,1170
What's Up,1972,3.6151807980049875,6416
Three O'Clock High,1987,3.615064935064935,1925
Bat 21,1988,3.614813535911602,5792
Dragonslayer,1981,3.614712706428279,7327
Big Trouble in Little China,1986,3.613301698489813,26553
Brubaker,1980,3.6132167152575314,6174
They Call Me Mr. Tibbs,1970,3.613157894736842,4560
Duel,1970,3.6114747785906816,2597
The Buddy Holly Story,1978,3.6109995985547974,4982
Total Recall,1990,3.606859895120839,70176
Wonder Woman: Season 1,1976,3.6059417040358746,1784
Drugstore Cowboy,1989,3.60518444666002,21063
Quigley Down Under,1990,3.6043114017163873,9788
Star Trek III: The Search for Spock,1984,3.603307523985861,23764
Doctor Who: The Ark in Space,1975,3.6030674846625765,1630
The Great Mouse Detective,1986,3.6025983951089033,7851
The Mountain Men,1980,3.6016949152542375,1062
Moonlighting: The Pilot,1985,3.6016260162601625,1845
The Brave Little Toaster,1987,3.6010598031794094,2642
The Last Starfighter,1984,3.60085777049409,28679
Walkabout,1971,3.5996592844974447,2935
A Man Called Horse,1970,3.5988372093023258,2580
The Black Stallion Returns,1983,3.598074608904934,1662
Hamlet,1990,3.598022105875509,6876
The Vanishing,1988,3.5979305247597932,4059
On a Clear Day You Can See Forever,1970,3.597506678539626,1123
Walking Tall,1973,3.5968201233981967,4214
Shoot to Kill,1988,3.5964391691394657,3033
An American Werewolf in London,1981,3.5959487728965764,19599
All Dogs Go to Heaven,1989,3.595890410958904,11242
Rocky III,1982,3.5958160252239626,19981
Saved by the Bell: Season 2,1989,3.5946261682242993,2568
Hard Times,1975,3.594059405940594,1111
A Passage to India,1984,3.5934106162294084,8195
Bad Boys,1983,3.5932948612256115,7278
Barry Lyndon,1975,3.5928356091505584,5639
Mean Streets,1973,3.592566203538772,8421
Walking Tall: The Final Chapter,1977,3.5920289855072465,1380
Watership Down,1979,3.5914315569487982,3828
Gorillas in the Mist,1988,3.590587018360486,19335
Enemy Mine,1985,3.5903276131045243,16025
That Obscure Object of Desire,1977,3.59009900990099,2525
Starman,1984,3.5899395754790064,19363
The Greatest American Hero: Season 1,1981,3.5894481503941784,1649
The Getaway,1972,3.587893864013267,2412
Cries and Whispers,1972,3.5874571288584027,2041
Carrie,1976,3.5868076668869797,37825
McCabe & Mrs. Miller,1971,3.586235489220564,3618
The Golden Voyage of Sinbad,1974,3.586131705189708,2293
The Care Bears Movie II: A New Generation,1986,3.585115483319076,1169
Cross Creek,1983,3.584888888888889,1125
Dawn of the Dead,1978,3.584405481419424,16711
Uncle Buck,1989,3.5836536151813596,33304
The Adventures of Baron Munchausen,1989,3.5836280056577086,16968
Eddie and the Cruisers,1983,3.5816831683168315,5656
Joe Kidd,1972,3.5812445980985306,4628
Dirty Rotten Scoundrels,1988,3.5809085410926684,29762
Red Dawn,1984,3.5800669686822926,25385
The King of Comedy,1983,3.5799411855749885,6461
Bananas,1971,3.5793443574122423,6894
Jumpin' Jack Flash,1986,3.5787904599659286,9392
Dead Calm,1989,3.5771465990013915,12217
Mr. Mom,1983,3.57648108892112,35852
1776,1972,3.5758032128514055,1992
The Boys from Brazil,1978,3.5751083293211363,4154
Scooby-Doo Meets the Harlem Globetrotters,1972,3.5745088643986582,2087
Days of Heaven,1978,3.5741654571843253,3445
Summer Rental,1985,3.5736040609137056,9062
Ken Burns' America: The Shakers,1985,3.5734870317002883,1041
The World According to Garp,1982,3.5731655932101365,16613
Play Misty for Me,1971,3.57277582092944,8801
Black Widow,1987,3.5727470141150923,1842
Firestarter,1984,3.572698036560596,11816
Cooley High,1975,3.5712319339298,2906
Radio Days,1987,3.5710314150681124,7194
Roxanne,1987,3.5697787991956336,34810
The Last Metro,1980,3.569300518134715,1544
The Great Outdoors,1988,3.568969448244414,35088
Jacob's Ladder,1990,3.568645776968862,20329
The Odessa File,1974,3.5677999218444705,2559
Working Girl,1988,3.5671391211700514,30973
Adventures in Babysitting,1987,3.565532652316673,21928
Diner,1982,3.5641480168402393,13539
Top Secret!,1984,3.564028776978417,13205
Saturday Night Live: 25 Years of Music,1975,3.5632850241545895,2070
One Crazy Summer,1986,3.5630703711214764,9862
Silver Streak,1976,3.562766674152257,4453
The Mechanic,1972,3.56247582205029,2585
Smokey and the Bandit / Smokey and the Bandit II: Double Feature,1977,3.56178527811702,9007
Laverne & Shirley: Season 1,1976,3.5602901178603807,1103
Just One of the Guys,1985,3.560089321965083,4926
Loverboy,1989,3.5594636183776656,4549
Johnny Dangerously,1984,3.5582082764893133,8796
Three's Company: Season 1,1977,3.5579158316633266,2495
Benji,1973,3.5577369643234116,4737
Knight Rider: Season 1,1982,3.5577227200843438,1897
Alice Doesn't Live Here Anymore,1974,3.5575357535753573,4545
Deathtrap,1982,3.5567073170731707,3280
The Gods Must Be Crazy 2,1990,3.5564435564435564,3003
Fame,1980,3.556332803391627,9435
Stephen King's It!,1990,3.556300149898598,11341
Sudden Impact,1983,3.556084352178551,12187
For Keeps,1988,3.5557707203718047,2582
Lord of the Flies,1990,3.5552960411070886,8563
Saved by the Bell: Season 1,1989,3.5547801814375437,2866
Stranger than Paradise,1984,3.554606326483491,4331
Seven Beauties,1976,3.553363228699552,1115
Saturday Night Fever,1977,3.551482968527393,23163
Salvador,1986,3.5514105852179996,4289
The Best Little Whorehouse in Texas,1982,3.551382113821138,6150
Fletch Lives,1989,3.5505059797608096,5435
Honey,1989,3.5504439063761097,6195
Beneath the Planet of the Apes,1970,3.550301810865191,4970
The Seventh Sign,1988,3.5499522445081184,10470
Cheech & Chong's Still Smokin,1983,3.5495821487033687,11607
House of Games,1987,3.5491160925824676,5487
The Manhattan Project,1986,3.548502139800285,4206
St. Elmo's Fire,1985,3.548265364368618,31534
Mystic Pizza,1988,3.548124877282545,25465
Invasion of the Body Snatchers,1978,3.5480270574971815,8870
The Boy Who Could Fly,1986,3.547175765225623,3169
My Bodyguard,1980,3.5470103092783507,4850
Doctor Who: Remembrance of the Daleks,1987,3.546961325966851,1086
Le Cercle Rouge,1970,3.546721734641198,1937
Summer of '42,1971,3.5457725947521865,3430
Stella,1990,3.545186640471513,3054
The Bad News Bears,1976,3.5444066020434897,19085
The Candidate,1972,3.5441849816849818,4368
Airport / Airport 1975: Double Feature,1970,3.543829296424452,1734
Birdy,1984,3.542666261767385,3293
The Jewel of the Nile,1985,3.542478179669932,26237
Eraserhead,1977,3.5424175824175825,4550
Back to School,1986,3.541621537985456,12926
The Bounty,1984,3.541332847778587,5492
The Great Train Robbery,1978,3.5410658307210032,3190
Frances,1982,3.5406195207481006,5133
Batteries Not Included,1987,3.540408732001858,17224
The Last Dragon,1985,3.5402160864345738,4165
After Hours,1985,3.539961759082218,5230
The Onion Field,1979,3.538896276595745,3008
Mermaids,1990,3.538810301051868,5514
Nosferatu the Vampyre,1979,3.5387650424146773,5069
Spaceballs,1987,3.5381327423121065,75801
The Witches,1990,3.5380726698262244,3165
Jesus Christ Superstar,1973,3.537802527307775,4669
The Eiger Sanction,1975,3.537544095414077,5953
The Private Eyes,1980,3.5372460496613995,1329
Time After Time,1979,3.536914235190097,4524
Tightrope,1984,3.5367782757711574,3793
They Live,1988,3.5365325635937217,5543
All of Me,1984,3.534558823529412,10880
Creature Comforts,1990,3.533952823445318,2798
Fat Man and Little Boy,1989,3.533189033189033,2772
F/X,1986,3.532995391705069,10850
Slaughterhouse Five,1972,3.532546786004882,4916
Broadcast News,1987,3.5323045082336004,22226
Purple Rain: Special Edition,1984,3.531361550229475,5883
The Wind and the Lion,1975,3.531055900621118,1932
The Purple Rose of Cairo,1985,3.530642750373692,6690
Krush Groove,1985,3.530201342281879,1192
MacArthur,1977,3.52856159669649,1453
Narrow Margin,1990,3.5285171102661597,2893
Berkeley in the Sixties,1990,3.5283203125,1024
The Package,1989,3.5275113579000505,3962
The Color of Money,1986,3.526956833243776,22332
Coming to America,1988,3.5264846980976015,90675
Baby Boom,1987,3.525561797752809,14240
Cheech & Chong's Nice Dreams,1981,3.5255449591280654,8808
The Big Blue,1988,3.525281710488298,3461
The French Lieutenant's Woman,1981,3.5251509054325956,5467
Doctor Who: Spearhead from Space,1970,3.524978089395267,1141
My Science Project,1985,3.5246338215712383,3004
Coming Home,1978,3.5243548633379143,6549
The Long Riders,1980,3.523896222121074,2197
The Rocky Horror Picture Show,1975,3.5236364919212586,28346
The Sure Thing: Special Edition,1985,3.5221925133689838,7480
Hannah and Her Sisters,1986,3.5220500135276156,25873
Seems Like Old Times,1980,3.5216540249571815,4087
Christine: Special Edition,1983,3.521448248720976,10164
Doctor Who: The Robots of Death,1976,3.5209409064830752,1743
Alien Nation,1988,3.5207928488146134,5146
Fletch,1985,3.520787895310796,14672
Night Shift,1982,3.520357267138383,8621
Stardust Memories,1980,3.518393520080999,2963
Colors,1988,3.5175841695582855,10663
Superfly,1972,3.515274949083503,1473
Short Circuit,1986,3.514386335622469,28395
The Big Easy,1987,3.514192558496356,10428
Overboard,1987,3.5140597239305724,58536
Hairspray,1988,3.5137423312883436,16300
Oliver & Company,1988,3.5127245508982035,13360
Klute,1971,3.511361926260346,6645
Pink Flamingos,1972,3.5111548556430447,1524
Fantastic Planet,1971,3.511094674556213,1352
The Hitcher,1984,3.509833134684148,6712
The Care Bears Movie,1985,3.5097698653929656,2303
The Discreet Charm of the Bourgeoisie,1972,3.509226932668329,4010
The Long Good Friday,1979,3.50730411686587,1506
Uncommon Valor,1983,3.5059322033898304,4720
Suspect,1987,3.50493632851624,6989
The Hobbit,1978,3.5039043824701195,6275
The Dead Pool,1988,3.5034351145038167,7860
The Garden of the Finzi-Continis,1970,3.502983802216539,2346
The Black Cauldron,1985,3.502983590253605,4022
Gorky Park,1983,3.5029774564015312,4702
2010: The Year We Make Contact,1984,3.502950005175448,9661
Tron,1982,3.502892702610725,20569
Sea of Love,1989,3.502565154935358,9746
The Wanderers,1979,3.502516175413372,1391
An Innocent Man,1989,3.5012048192771084,2490
License to Drive,1988,3.5011001100110013,3636
Young Sherlock Holmes,1985,3.5010028078620135,2493
A Chorus Line,1985,3.500998003992016,4008
Music Box,1989,3.5009920634920637,1008
Fright Night,1985,3.5001196458482893,8358
The Blue and the Gray,1982,3.5,1404
My Beautiful Laundrette,1986,3.4987096774193547,4650
Stir Crazy,1980,3.497849697499818,13719
Dreamscape: Special Edition,1984,3.4974680491921872,4147
Death Wish 2,1982,3.4970273483947683,2523
Sholay,1975,3.496713615023474,1065
The Money Pit,1986,3.495332880014836,16177
Project X,1987,3.4945517582961863,4038
Police Academy 3: Back in Training,1986,3.493881546744983,4086
Scrooged,1988,3.4935869084475897,6783
The Great Gatsby,1974,3.493378137971931,5059
Sid & Nancy,1986,3.4929742388758784,10248
Turk 182!,1985,3.4908592321755028,1094
Scared Straight!,1978,3.490822027134876,1253
Master of the Flying Guillotine,1975,3.4907932011331444,1412
The Poseidon Adventure,1972,3.4907275320970044,11917
Cheech & Chong's The Corsican Brothers,1984,3.4906629318394025,2142
Shag: The Movie,1989,3.490059385489285,3873
The Rose,1979,3.490052208268661,7087
Love Story,1970,3.4894459102902373,10612
Escape from New York,1981,3.489209498046288,16635
Straw Dogs,1971,3.488969752103707,4397
True Stories: Talking Heads,1986,3.488844621513944,2510
Country,1984,3.4885215794306705,1089
The Harder They Come,1973,3.488086087624904,1301
The Big Red One: Special Edition,1980,3.4880644233534657,3477
High Spirits,1988,3.4879816863792446,2621
Police Academy 2: Their First Assignment,1985,3.4878868258178604,5655
Nine to Five,1980,3.487078330474557,52470
Dune,1984,3.486484973977279,17869
Coma,1978,3.486226203807391,4465
La Bamba,1987,3.486035422343324,14680
The Dream Team,1989,3.486013986013986,1716
Valley Girl: Special Edition,1983,3.485873458018305,7539
'Round Midnight,1986,3.48491879350348,1293
Day of the Dead,1985,3.482373678025852,6808
Summer School,1987,3.481693238042881,9095
The In-Laws,1979,3.4811494252873563,4350
Private Benjamin,1980,3.480340760157274,22890
Heaven Can Wait,1978,3.4800280855047587,12818
Cocoon: The Return,1988,3.4796422373514884,7491
Reversal of Fortune,1990,3.479145601617796,7912
Heavy Metal,1981,3.478489903424056,9112
Internal Affairs,1990,3.4777402517654283,6514
The Grifters,1990,3.476910962371337,17779
The Lord of the Rings,1978,3.4759991541552124,4729
Mona Lisa,1986,3.475751503006012,2495
Ruthless People,1986,3.475094449287998,17205
The Naked Gun,1988,3.4739598552451167,44489
Logan's Run,1976,3.473859844271413,14384
The Omega Man,1971,3.473849372384937,5736
Bill & Ted's Excellent Adventure,1989,3.473701327499039,33823
Police Academy: Special Edition,1984,3.472983763641203,15028
The Return of the Living Dead,1985,3.472233481961897,7401
Flashdance,1983,3.472180125568305,18476
Westworld,1973,3.4716591819395557,8239
Teenage Mutant Ninja Turtles: The Movie,1990,3.4716491661519457,8095
Police Academy 4: Citizens on Patrol,1987,3.4714523281596454,3608
Arthur,1981,3.471233423073088,20058
Nashville,1975,3.4704837117472853,5065
Operation Condor 2: Armour of the Gods,1986,3.470216130732736,1897
River's Edge,1986,3.4700015583606048,6417
The Witches of Eastwick,1987,3.468789337282488,27010
Poltergeist II / Poltergeist III: Double Feature,1986,3.468470705064548,4028
The Wraith,1986,3.4681915654038598,1399
The Falcon and the Snowman,1985,3.4667937718462025,6294
The Changeling,1980,3.4658879745155295,3767
Urban Cowboy,1980,3.4632046653707302,10803
Prick Up Your Ears,1987,3.4620135886349597,1619
Licence to Kill,1989,3.462012636769918,12978
Death Wish,1974,3.461861340280793,6909
My Dinner with Andre,1981,3.4617224880382773,4180
Oh,1980,3.46,1050
Creepshow,1982,3.4597327555074036,11076
Funny Lady,1975,3.459507042253521,3976
State of Grace,1990,3.4591866166714738,3467
The Secret of My Success,1987,3.4589603283173735,14620
Conquest of the Planet of the Apes,1973,3.458131067961165,4944
The Quick and the Dead,1987,3.458075407990996,3554
Over the Top,1987,3.4559414990859234,2735
Cry-Baby,1990,3.45182467657849,5179
Atlantic City,1980,3.451824339086738,4577
Everything You Always Wanted to Know About Sex But Were Afraid to Ask,1971,3.4504461629982153,8405
Thunderbolt and Lightfoot,1974,3.45005675368899,3524
Barfly,1987,3.4496461622210126,3674
Picnic at Hanging Rock,1975,3.449546485260771,3528
Bloodsport,1988,3.4487300985595146,10552
Salem's Lot,1979,3.4487077850007926,6307
The Running Man,1987,3.4486509302250075,30799
The Texas Chainsaw Massacre,1974,3.4485150087352427,18889
The Amityville Horror,1979,3.448255114320096,11634
Blue Planet: IMAX,1990,3.4481246955674623,2053
Running Scared,1986,3.4479851973684212,4864
Macbeth,1971,3.447431302270012,1674
Funny Farm,1988,3.4474205494789425,11611
Brighton Beach Memoirs,1986,3.4472954230235784,5768
Conan the Barbarian,1981,3.44632469592808,11346
Victory,1981,3.4460822342901474,2578
The Long Goodbye,1973,3.4440789473684212,2432
The Mack,1973,3.4436018957345973,1055
Police Academy 6: City Under Siege,1989,3.443562610229277,2268
Escape from the Planet of the Apes,1971,3.4433049256102843,6923
Mad Max Beyond Thunderdome,1985,3.4429705338697403,18394
Lenny,1974,3.441913963653094,4347
Avalon,1990,3.4415318832496746,5379
Hair,1979,3.4410396716826264,3655
Prizzi's Honor,1985,3.440173873255548,8742
Repo Man,1984,3.4396436174406686,12683
The Entity,1983,3.4392605633802815,1136
Who's the Boss?: Season 1,1984,3.439005439005439,1287
Altered States,1980,3.437660960460536,6601
Vision Quest,1985,3.436810431293882,3988
Police Academy 5: Assignment - Miami Beach,1988,3.4364844903988185,2708
The Out-of-Towners,1970,3.4354089219330857,2152
Death Wish 4: The Crackdown,1987,3.4349442379182156,1345
Oh God! You Devil!,1984,3.4347442680776012,1134
Little Shop of Horrors,1986,3.434719517317753,26187
Gregory's Girl,1981,3.4344692005242465,1526
Born on the Fourth of July,1989,3.4344262295081966,32696
Fellini's Roma,1972,3.4343936381709743,1006
The Ice Pirates,1984,3.433719008264463,3025
Sunday in the Park with George,1986,3.433531746031746,1008
The Bourne Identity,1988,3.4333768778576093,3062
Rambo: First Blood Part II,1985,3.432952182952183,19240
Dressed to Kill,1980,3.4326012492444087,4963
Chances Are,1989,3.432193219321932,6666
Rocky (Hindi),1981,3.431976166832175,1007
Less Than Zero,1987,3.4308319347878204,8342
Pumping Iron,1977,3.430125247198418,3034
Biloxi Blues,1988,3.429440534414887,8383
Star Trek: The Motion Picture,1979,3.4290525699223897,20487
The Presidio,1988,3.4280491234648918,10667
Hello Again,1987,3.4276911924610367,2759
Soylent Green,1973,3.427456544874069,11276
SCTV Network 90: Vol. 1,1981,3.42722371967655,1484
Three Amigos,1986,3.4255037318185293,39257
Something Wicked This Way Comes,1983,3.4241880202382897,6127
SpaceCamp,1986,3.4239841728808402,6571
At Close Range,1984,3.4232933692194765,4087
Another Woman,1988,3.423110338835795,1151
Revenge of the Nerds / Revenge of the Nerds 2: Double Feature,1984,3.422571675136638,10429
Mountains of the Moon,1990,3.420861127956337,1649
The Singing Detective,1986,3.4207389749702024,1678
Mephisto,1981,3.420689655172414,1160
Sinbad and the Eye of the Tiger,1977,3.417682926829268,1968
Spies Like Us,1985,3.4151784438666173,34997
North Dallas Forty,1979,3.4141767323585506,3146
Dragon Ball Z: Imperfect Cell Saga,1989,3.4141161773891318,1601
Bachelor Party,1984,3.414011872932433,22067
Tie Me Up! Tie Me Down!,1990,3.4133942980096825,7436
1984,1984,3.4132316570486396,4852
Crocodile Dundee,1986,3.413046352362569,37819
sex,1989,3.412314693021437,28129
Interiors,1978,3.411854879918242,1957
The Best of Designing Women,1986,3.411469534050179,1395
Agnes of God,1985,3.411402157164869,5841
Outland,1981,3.4096687211093992,5192
Another Country,1985,3.409347300564061,1241
Where the Buffalo Roam,1980,3.4091852620653866,3854
See No Evil,1989,3.4088426527958386,11535
The Life and Times of Judge Roy Bean,1972,3.407885791978246,2942
Silver Bullet,1985,3.4066077003121746,7688
Dream a Little Dream,1989,3.4065880039331367,2034
The Serpent and the Rainbow,1988,3.406032805115374,7194
Death Wish 3,1985,3.4060114503816794,2096
Dead Ringers,1988,3.4058078927773643,2686
Scooby-Doo and the Ghoul School,1988,3.4056803730394236,2359
Re-Animator,1985,3.405532190229699,6182
Nightbreed,1990,3.4055299539170507,2821
The Philadelphia Experiment,1984,3.405463934699317,6003
The Last Temptation of Christ,1988,3.4052908391553496,12739
Wildcats,1986,3.4049519317975694,11026
The Hunter,1980,3.4042838018741635,1494
Remo Williams: The Adventure Begins,1985,3.4040826364977863,4066
Wizards,1977,3.4027072758037225,1182
Innerspace,1987,3.4022674883567765,21257
Hellraiser,1987,3.4018455894996276,17447
Challenge of the Superfriends: Attack of the Legion of Doom,1978,3.3989155693261037,1291
The Karate Kid Part II,1986,3.3982249097825026,10253
My Blue Heaven,1990,3.3971209005303606,9239
The Gauntlet,1977,3.3936305732484078,7065
Battle for the Planet of the Apes,1975,3.3934511434511436,5772
The Pope of Greenwich Village,1984,3.392857142857143,1932
The Rutles,1978,3.3927940657011657,2831
Rocky IV,1985,3.3924055259118484,27362
Vanishing Point,1971,3.391992551210428,1074
National Lampoon's European Vacation,1985,3.3916562227839497,47077
The Hidden,1987,3.3913636363636366,2200
Desert Hearts,1985,3.3910991233985164,1483
Stealing Home,1988,3.3898881866796304,2057
Commando,1985,3.389796120348377,20208
The Star Chamber,1983,3.3894839337877314,1027
Suspiria,1977,3.3892587660896583,2253
Madonna: The Girlie Show: Live Down Under,1988,3.389054726368159,1005
Pacific Heights,1990,3.3890068412361405,12717
The Champ,1979,3.388109000825764,2422
A Little Romance,1979,3.387884709330728,2047
American Flyers,1985,3.3864541832669324,2259
RoboCop,1987,3.3862934067615114,32685
Frenzy,1972,3.3861344537815126,2380
Carnal Knowledge,1971,3.3849048714196113,4783
Things Change,1985,3.3845618915159945,1438
Cross of Iron,1977,3.3841761827079937,1226
The Adventures of Buckaroo Banzai,1984,3.3837805605247464,8385
Hellbound: Hellraiser II,1988,3.383134738771769,7637
Return of the Living Dead 2,1988,3.3811586356253382,1847
Damien: Omen II,1978,3.3803324654516325,4993
Tequila Sunrise,1988,3.3798076923076925,6864
Walking Tall: Part II,1975,3.379694019471488,1438
Bird,1988,3.379014989293362,2802
Raw Deal,1986,3.376883116883117,3850
I'm Gonna Git You Sucka,1988,3.373539435248296,8216
Dominick and Eugene,1988,3.373362445414847,1832
Brewster's Millions,1985,3.371010818885519,22091
Valmont,1989,3.3708077468115256,4234
Nighthawks,1981,3.3707345286292654,1729
Conan the Destroyer,1984,3.3663977218794496,14749
Coffy,1973,3.36639526276832,1351
Withnail and I,1987,3.365985345160046,2593
Airport,1970,3.3658757062146893,4425
The Chronicles of Narnia: The Silver Chair,1990,3.3649635036496353,1370
Doctor Who: The Caves of Androzani,1984,3.364347146207975,1279
The Postman Always Rings Twice,1981,3.3633468954537413,5653
The Chronicles of Narnia: Prince Caspian and the Voyage of the Dawn Treader,1989,3.3613569321533925,1356
Flatliners,1990,3.3608732710859712,51622
The War of the Roses,1989,3.359997458542474,15739
Gremlins,1984,3.3577457264957267,56160
The Howling,1980,3.3570247933884296,7260
To Live and Die in L.A.,1985,3.356665948740039,4643
Flowers in the Attic,1987,3.3556851311953353,3430
Tucker: The Man and His Dream,1988,3.355639202565175,7173
Helter Skelter,1976,3.355639097744361,1330
Mr. Majestyk,1974,3.3555878084179973,1378
She's Out of Control,1989,3.3552123552123554,2331
Stakeout,1987,3.3547346514047867,9610
Nuts,1987,3.354318418314256,3844
Tremors,1990,3.354227499837778,15411
Above the Law,1988,3.354127499572723,11702
The Emerald Forest,1985,3.353919239904988,2105
Stanley & Iris,1990,3.3531522296258327,1951
The Razor's Edge,1984,3.35286783042394,1604
Suburbia,1983,3.351815181518152,1515
Oh God!,1977,3.3503706593835347,10252
Another 48 Hrs.,1990,3.3498961495446555,18777
UHF,1989,3.3492801269697314,8821
The Tenant,1976,3.3479041916167667,1670
Car Wash,1976,3.3470967741935485,3875
Manhunter,1986,3.346483016849425,7478
Airplane II: The Sequel,1982,3.346466718540001,14137
A Nightmare on Elm Street,1984,3.3462269669494002,41028
The Accidental Tourist,1988,3.345729227193492,5163
Rock 'n' Roll High School,1979,3.34460592509782,3578
Agatha Christie's The Mirror Crack'd,1980,3.3444933920704845,1135
The Pirate Movie,1982,3.3438566552901023,1172
Powaqqatsi,1988,3.342745438748914,2302
Rumble Fish,1983,3.3407917383820998,3486
The River,1984,3.3400908773156237,2861
Kickboxer,1989,3.339966524084062,5377
Beverly Hills Cop II,1987,3.338817547747865,76705
Friday the 13th: Part 3,1982,3.3385781990521326,5275
Thief,1981,3.338316958564716,2341
Videodrome,1983,3.338287628218547,4777
The Towering Inferno,1974,3.3378457916421422,6796
Zorro,1981,3.337117472852912,2026
Polyester,1981,3.3360166190599845,3851
Death Warrant,1990,3.333986671893375,2551
Divine Madness,1980,3.333877551020408,1225
Robotech,1985,3.3328220858895707,4564
The Parallax View,1974,3.332001997004493,2003
The Field,1990,3.331825890333522,1769
Casualties of War,1989,3.3307498546793255,5161
The Duellists,1977,3.330214639515685,1817
Talk Radio,1988,3.3299767621998453,2582
Hollywood Shuffle,1987,3.3296812749003983,3012
Navy Seals,1990,3.329125338142471,7763
The Fabulous Baker Boys,1989,3.3291155098972687,7982
Pet Sematary,1989,3.328794775380962,25265
Breakin',1984,3.328339575530587,1602
The Freshman,1990,3.328071106394269,7538
American Gigolo,1980,3.327638511895258,6263
Battlestar Galactica,1978,3.3274766355140186,2675
Airport '77 / The Concorde: Airport '79: Double Feature,1977,3.325980392156863,1224
Used Cars,1980,3.3257598111537328,3389
The Eruption of Mount St. Helens: IMAX,1980,3.325438596491228,1140
Ghostbusters 2,1989,3.3252398304454527,26894
The Cannonball Run,1981,3.324243093922652,22625
The Last Wave,1977,3.3234165067178503,1042
A Midsummer Night's Sex Comedy,1982,3.3232892143058295,3551
Friday the 13th: Part 5: A New Beginning,1985,3.3216037534655576,4689
Turner and Hooch,1989,3.321113858007371,65933
A Chinese Ghost Story,1987,3.3209635416666665,1536
Revenge,1990,3.3205163416643777,3641
Kentucky Fried Movie,1977,3.3196560567204707,6629
House,1986,3.3193111236589496,3542
When a Stranger Calls,1979,3.3188686555598603,2581
Quest for Fire,1982,3.3181689742865217,3539
Pee-Wee's Big Adventure,1985,3.3178773105117325,28511
About Last Night...,1986,3.3176617197235756,8827
Star Trek V: The Final Frontier,1989,3.3175279040926005,24190
D.O.A.,1988,3.3155650319829424,3752
The Fly / The Fly 2,1986,3.3148718851809456,11357
The Golden Child,1986,3.314014091303928,20722
Vice Versa,1988,3.3131086142322097,1335
Down and Out in Beverly Hills,1987,3.312684894666069,11155
The Hunger,1983,3.3126323218066336,2834
Friday the 13th: Part 6: Jason Lives,1986,3.3118120237087214,4724
Frantic,1988,3.3114777826024024,6909
The French Connection II,1975,3.3110381616741895,2437
Shaft,1971,3.3107944208611277,3298
Kindergarten Cop,1990,3.3092011101569403,80349
Cujo,1983,3.308666017526777,11297
Friday the 13th: Part 2,1981,3.3084076913409577,7957
The Fog,1980,3.3080799869939845,6151
Harlem Nights,1989,3.3079260572296785,11847
Mo' Better Blues,1990,3.3079139454475603,5206
The 'Burbs,1989,3.3071086920666337,18189
Greystoke: The Legend of Tarzan,1984,3.305591677503251,1538
Butterflies Are Free,1972,3.30451415455241,2614
Ziggy Stardust and the Spiders From Mars: The Motion Picture,1973,3.3039611964430073,1237
Foxy Brown,1974,3.3034341363403383,1951
Fort Apache,1981,3.3015410245730945,2401
The Man with One Red Shoe,1985,3.3010861328618337,3959
White Palace,1990,3.3005068790731356,1381
Billy Jack,1971,3.3004655099449853,2363
3 Women,1977,3.299698795180723,1328
A Better Tomorrow II,1988,3.2993661628473916,2051
Gus,1976,3.298292902066487,1113
I Love You to Death,1990,3.2980868665977248,3868
Gardens of Stone,1987,3.29518359561278,2097
All the Right Moves,1983,3.2942568830198082,8027
Outrageous Fortune,1987,3.294202599546111,4847
The Dream Is Alive: IMAX,1985,3.2939698492462313,1592
Iron Eagle 2,1988,3.293540474243663,1223
Someone to Watch Over Me,1987,3.293394077448747,2195
A Better Tomorrow,1986,3.292736610418195,4089
Porky's,1981,3.292377831599943,35095
Crimes of the Heart,1986,3.2922940655447297,1129
Road House,1989,3.291878933173509,16685
What Have I Done to Deserve This?,1984,3.2907801418439715,1551
Star Wars: Ewok Adventures: Caravan of Courage / The Battle for Endor,1985,3.2905982905982905,1521
The Hollywood Knights,1980,3.289972899728997,1476
Bustin' Loose,1981,3.2889637742207247,1187
Superman II,1980,3.2879967528873473,27101
Something Wild,1986,3.2876344086021505,4464
The Beastmaster,1982,3.285020636076718,8238
Youngblood,1986,3.2849074364606214,3187
Blow Out,1981,3.2821564605918545,3413
Tin Men,1987,3.2812621737436696,5134
Streets of Fire,1984,3.2807996280799627,2151
A Nightmare on Elm Street 2: Freddy's Revenge,1985,3.280717692482398,8806
The Ruling Class,1972,3.280436099333737,1651
A Nightmare on Elm Street 3: Dream Warriors,1987,3.2803542519760023,10501
Young Einstein,1988,3.2800378429517503,1057
Gung Ho,1986,3.279979674796748,7872
Peggy Sue Got Married,1986,3.279754843811783,15174
Lost in America,1985,3.2783230743636667,6011
School Daze,1988,3.2778306374881065,4204
Mr. Destiny,1990,3.2777859130180116,6829
True Believer,1989,3.2777070063694267,2355
Stephen King's Cat's Eye,1985,3.277448967266578,8279
Blue Thunder,1983,3.275134464211833,4834
Henry & June,1990,3.274600776866638,9268
The Beguiled,1971,3.274436090225564,1330
Assault on Precinct 13,1976,3.2742419193602132,3001
Ice Castles,1979,3.273929773929774,4158
Halloween II,1981,3.273666384419983,11810
The Stepford Wives,1975,3.273475369180476,8871
Parting Glances,1986,3.272173913043478,1150
Extremities,1986,3.271225332721432,2179
Scanners,1981,3.271137521222411,5890
Home Alone,1990,3.2690918074298243,32383
Firefox,1982,3.2680215584998877,8906
The Unbelievable Truth,1989,3.267839687194526,1023
The Incredible Hulk: Original TV Series: Pilot / Married,1977,3.2676678445229683,1132
Days of Thunder,1990,3.267073394682609,49009
Marked For Death,1990,3.2647129763627594,8292
Mr. & Mrs. Bridge,1990,3.264571054354944,1527
The Toy,1982,3.264101564675093,17959
The Legend of Hell House,1973,3.263551401869159,1605
Twins,1988,3.2624172928954223,33401
Black Rain,1989,3.26228323699422,5536
Postcards from the Edge,1990,3.258454316265322,11503
The Wicker Man,1973,3.258391692827819,4141
RoboCop 2,1990,3.255932896890344,4888
Against All Odds,1984,3.2544268406337373,4292
9 1/2 Weeks,1986,3.254369081530526,12989
A Cry in the Dark,1988,3.2539489671931956,2469
Trilogy of Terror,1975,3.251517779705117,1153
La Cage aux Folles II,1981,3.2511773940345368,1274
Weekend at Bernie's,1989,3.250439837833703,13073
Every Which Way But Loose,1978,3.2501662602527155,9022
Phantasm,1979,3.2487562189054726,2211
Arachnophobia,1990,3.248320781599837,9826
Alice,1990,3.248152469856087,2571
Scooby-Doo Goes Hollywood,1979,3.248112732762959,1987
Jackie Chan's Project A,1983,3.247427101200686,2332
Return to Oz,1985,3.2463199214916583,3057
Heartburn,1986,3.245986779981114,2118
Invasion U.S.A.,1985,3.2457813646368305,1363
Three Men and a Baby,1987,3.245324582420203,88067
Things Are Tough All Over,1982,3.244666666666667,1500
Solaris,1972,3.2443123938879457,5890
Bang the Drum Slowly,1973,3.2436974789915967,1547
The Hitchhiker's Guide to the Galaxy,1981,3.2433281004709578,5096
Near Dark,1987,3.2430590610802623,3962
Dead Men Don't Wear Plaid,1982,3.242434375522488,5981
Smokey and the Bandit Part 3,1983,3.242424242424242,1353
Southern Comfort,1981,3.2421364985163206,1685
Cocktail,1988,3.2419620045027955,79062
Swing Shift,1984,3.239269406392694,2190
The Chronicles of Narnia: The Lion,1988,3.2362960668937752,3229
The Electric Horseman,1979,3.2344199424736337,4172
Prince of Darkness,1987,3.2343096234309625,2629
Great Balls of Fire!,1989,3.2326972372543437,3511
Desperate Living,1977,3.228391167192429,1585
Witchboard,1986,3.2272309107635695,1087
Big Business,1988,3.226586749438082,9343
Friday the 13th,1980,3.226249603719751,28389
Armed and Dangerous,1986,3.2259541984732825,4585
Friday the 13th: Part 4: The Final Chapter,1984,3.2258541635852684,6761
Breakin' 2: Electric Boogaloo,1984,3.225834797891037,1138
Tank,1984,3.225,1160
The Believers,1987,3.2236778262979136,2061
Protocol,1984,3.223508017854191,6049
Le Mans,1971,3.223287671232877,1460
Scooby-Doo Meets Batman,1972,3.2227059611520428,2986
Children of the Corn,1984,3.2199501999547273,13253
Like Father,1987,3.219499200852424,1877
The Man with Two Brains,1983,3.2192088091353996,9808
Everybody's All American,1988,3.2191235059760954,1757
Little Nikita,1988,3.2185495806610755,2027
Rambo III: Ultimate Edition,1988,3.216722509899482,6566
A Boy and His Dog,1975,3.2162872154115587,3426
The Black Hole,1979,3.2148065948002538,6308
Bad Influence,1990,3.21280276816609,1734
The Cook,1989,3.2121448641898223,6406
Mighty Quinn,1989,3.212063004225893,2603
The Principal,1987,3.2120329936923824,6183
Runaway Train,1985,3.209813874788494,2955
Scooby-Doo and the Reluctant Werewolf,1989,3.209212376933896,2844
Ghost Story,1981,3.207689408217113,2653
The Rookie,1990,3.205058428045462,6247
Henry: Portrait of a Serial Killer,1990,3.203654485049834,3010
Clean and Sober,1988,3.2035666218034993,2972
Secret Admirer,1985,3.2014092777451557,1703
Mannequin,1987,3.2011961355620304,19563
Gloria,1980,3.2001934235976788,1034
The Lathe of Heaven,1980,3.2001582278481013,1264
The Dogs Of War,1981,3.199858757062147,1416
Problem Child / Problem Child 2,1990,3.199849924962481,3998
Tango & Cash,1989,3.199655871689301,32546
The Lonely Guy,1984,3.1969548133595285,2036
Predator 2,1990,3.1957505773672055,10825
Family Plot,1976,3.195689655172414,1160
Iceman,1984,3.194842406876791,1047
Mishima: A Life in Four Chapters,1985,3.194331983805668,1729
Any Which Way You Can,1980,3.1942655046103323,7917
A Nightmare on Elm Street 4: The Dream Master,1988,3.1919163100332857,10515
Three Men and a Little Lady,1990,3.1914315139031926,24275
The Return of the King,1980,3.1911514463981847,1763
The Day After,1983,3.1904928346731913,2861
Men at Work,1990,3.188579485371872,5674
Love Story,1981,3.1875540190146934,1157
Three Fugitives,1989,3.187303723642889,4458
Lock Up,1989,3.1865371734762222,2986
Gross Anatomy,1989,3.182676848874598,4976
1941,1979,3.1823643410852713,5160
Omen III: The Final Conflict,1981,3.1816666666666666,3000
Eating Raoul,1982,3.180579216354344,1174
The Big Sleep,1978,3.179391100702576,2135
The Deep,1977,3.1778711484593836,2856
Body Double,1984,3.1746683512318383,3166
Red Sonja,1985,3.174421696357352,3761
Tommy,1975,3.173891129032258,3968
Planet of the Apes: The TV Series,1974,3.1732142857142858,1120
The Mosquito Coast,1986,3.1728668438145853,6774
Bird on a Wire,1990,3.1725080483508474,16463
Fright Night Part II,1989,3.1711057304277643,1239
Silent Running,1971,3.16958654519972,4281
Alice,1988,3.168807339449541,1090
Throw Momma From the Train,1987,3.1687266455878125,10437
The Sheltering Sky,1990,3.167632450331126,2416
New York Stories,1989,3.1673957421988916,3429
Don't Look Now,1973,3.166846458108594,2781
Get Carter,1971,3.165729407872974,3023
Next of Kin,1989,3.1654686812380812,6817
Halloween 4: The Return of Michael Myers,1988,3.161946595769275,8651
Blue Steel,1990,3.161745827984596,1558
Zombie,1979,3.161605764282038,1943
The Brood,1979,3.161512027491409,1455
Iron Eagle,1986,3.1597542242703534,9114
A Nightmare on Elm Street 5: The Dream Child,1989,3.159699181596992,9042
The Stunt Man,1980,3.1580547112462005,2632
Caveman,1981,3.1558366877515813,1739
Silent Rage,1982,3.1557296767874634,1021
The Watcher in the Woods,1980,3.149161196207148,2742
Look Who's Talking,1989,3.147277828737927,37066
House Party,1990,3.146738052746381,5043
Amazon Women on the Moon,1987,3.14611671785871,2279
The Russia House,1990,3.141696113074205,2830
Dragnet,1987,3.140625,15168
Fire Birds,1990,3.1394285714285712,2625
The Wiz,1978,3.1392630241423127,3935
Honkytonk Man,1982,3.1388085598611912,1729
Moscow on the Hudson,1984,3.1387622149837133,4605
Green Card,1990,3.1367636092468305,6705
The Blue Lagoon,1980,3.134156609598653,7126
The Good Mother,1988,3.1332752613240418,1148
She's Having A Baby,1988,3.1312508562816825,7299
King Kong,1976,3.1310452418096726,3205
Krull,1983,3.1303394135303626,8662
April Fool's Day,1986,3.1296879473232178,3493
Rollerball,1975,3.1280436607892526,4764
10,1979,3.127637987012987,4928
Two of a Kind,1983,3.126943005181347,1158
Air America,1990,3.1262373602980307,9395
Eyes of Laura Mars,1978,3.125062034739454,2015
Lifeforce,1985,3.1222765673632726,2249
The Flamingo Kid,1984,3.1204644412191582,4823
Opportunity Knocks,1990,3.1195965417867435,1388
Godspell,1973,3.1195355191256833,1464
Married to the Mob,1988,3.1172436316133245,6124
Who's Harry Crumb?,1989,3.117071260767424,5108
Black Sunday,1977,3.116144018583043,1722
The Cotton Club,1984,3.116074052306788,3403
Night Porter,1974,3.114566284779051,1222
Cousins,1989,3.11030428769018,2892
No Mercy,1986,3.1080861438439658,2461
Creepshow 2,1987,3.1073369565217392,6624
Audrey Rose,1977,3.1042735042735043,1170
Runaway,1984,3.1026063100137176,3645
The Last American Virgin,1982,3.100634249471459,2365
A Touch of Class,1973,3.1002892960462876,2074
The Delta Force,1986,3.099258550585984,4181
Bride of Re-Animator,1990,3.09794776119403,1072
Quicksilver,1986,3.0975800156128024,2562
Loose Cannons,1990,3.09720885466795,1039
The Toxic Avenger,1985,3.0971102150537635,2976
Critters 2: The Main Course,1988,3.0955631399317407,1465
The Best of Times,1986,3.090909090909091,2475
Dario Argento Collection: Vol. 1: Phenomena,1985,3.0897666068222622,1114
Cat People,1982,3.088697017268446,5096
Semi-Tough,1978,3.0882061446977205,1009
Lionheart,1990,3.0842391304347827,5520
Darkman,1990,3.0841172214182344,5528
The End,1978,3.0840664711632453,1023
Hard to Kill,1990,3.0837596344042018,14661
Hooper,1978,3.083648393194707,2116
Space: 1999,1975,3.083582089552239,1340
Capricorn One,1978,3.0829947765525247,1723
The Handmaid's Tale,1990,3.082882882882883,2220
Leatherface: The Texas Chainsaw Massacre III,1990,3.0816176470588235,1360
The New Adventures of Pippi Longstocking,1988,3.0801444043321298,1385
The Cannonball Run II,1984,3.0773571168547504,5494
Swept Away,1974,3.0766897746967072,2308
Falling in Love,1984,3.075968992248062,1935
THX 1138: Special Edition,1971,3.0756200846944948,8265
Pumpkinhead,1988,3.075025008336112,2999
Missing in Action,1984,3.0744265495363594,4098
Legal Eagles,1986,3.068892726923815,5211
The Man Who Fell to Earth,1976,3.0676691729323307,3192
Once a Thief,1990,3.0655058043117744,1206
Class,1983,3.0647816750178953,2794
The Best of Benny Hill,1974,3.0643382352941178,1632
Last Tango in Paris,1972,3.0631534922626518,9564
Sleepaway Camp,1983,3.061224489795918,1715
Desperately Seeking Susan,1985,3.0578703703703702,7776
Missing in Action 2: The Beginning / Missing in Action 3: Braddock,1985,3.0574662603395732,2297
Troop Beverly Hills,1989,3.0559165526675787,5848
The Big Picture,1989,3.053858967240422,1801
Goin' South,1978,3.053550178500595,2521
Friday the 13th: Part 7: The New Blood,1988,3.0528152629129828,4298
Nothing in Common,1986,3.0523864959254947,3436
American Ninja,1985,3.049496644295302,1192
The First Power,1990,3.048990116029222,2327
Dracula,1979,3.0484739676840213,1114
Shampoo,1975,3.0479195885928005,4278
Death Race 2000,1975,3.047471620227038,3876
The Hills Have Eyes,1977,3.045086705202312,1730
Exorcist 3,1990,3.044672281215672,2731
Miami Blues,1990,3.042052144659378,1189
The Two Jakes,1990,3.040334481062469,2033
Jaws 3,1986,3.0402889691580994,3599
Blind Date,1987,3.03834808259587,5763
We're No Angels,1989,3.0367322950337936,3403
Gremlins 2: The New Batch,1990,3.03388176240937,7172
Scandal,1989,3.0338119499768412,2159
Rocky V,1990,3.033659730722154,8170
Sisters,1973,3.031015037593985,1064
Robin and Marian,1976,3.0305460099274533,2619
Superman III,1983,3.030484087306426,8201
Popeye,1980,3.0301261092947223,8564
White Hunter,1990,3.0301204819277108,1162
Coming Out,1989,3.029220779220779,1540
Basket Case,1983,3.029086678301338,1719
Family Business,1989,3.028776978417266,2363
Volunteers,1985,3.02854036422941,3679
Millennium,1989,3.024582560296846,2156
Melvin and Howard,1980,3.024228214146151,2559
Enemies,1989,3.020217729393468,1286
Sgt. Pepper's Lonely Hearts Club Band,1978,3.0194444444444444,1080
Extreme Prejudice,1987,3.0194174757281553,1442
Pennies from Heaven,1981,3.019230769230769,1040
Allan Quatermain and the Lost City of Gold,1987,3.018830525272547,1009
Leviathan,1989,3.0180802103879025,3042
Pretty Baby,1978,3.017780172413793,1856
Child's Play,1988,3.017162471395881,12236
Xanadu,1980,3.0164439876670093,2919
The Bad News Bears in Breaking Training,1977,3.015912481352561,2011
Jo Jo Dancer,1986,3.0140081337550835,2213
Jaws: The Revenge,1987,3.0123180291153417,2679
Blame It on Rio,1984,3.0074102964118565,2564
Lone Wolf McQuade,1983,3.004816375677303,3322
The Owl and the Pussycat,1970,3.002557544757033,1564
The Sword and the Sorcerer,1982,3.0019120458891013,2092
Monkey Shines,1988,3.0,1558
Red Heat,1988,2.998723268432812,9399
Hanover Street,1979,2.996413199426112,1394
The Blob,1988,2.9945186707776634,2919
My Bloody Valentine,1981,2.9939984996249063,1333
The Fury,1978,2.9900938477580814,1918
Sharky's Machine,1981,2.9881744271988175,1353
California Suite,1978,2.9839381320642473,1681
Maid to Order,1987,2.982043454839289,5569
The Cheap Detective,1978,2.980279375513558,1217
K-9,1989,2.9793019997452554,15702
Class of Nuke 'Em High,1986,2.9782823297137218,1013
Her Alibi,1989,2.9782090568607424,2937
Wolfen,1981,2.977750309023486,3236
The NeverEnding Story 2: The Next Chapter,1989,2.9772200772200774,2590
Star 80,1983,2.972961186218927,2293
Charlie's Angels: Season 1,1976,2.9728835978835977,1512
Once Bitten,1985,2.965544244322631,6385
Havana,1990,2.965009208103131,1629
Mrs. Soffel,1984,2.9611143354614047,1723
Communion,1989,2.9524590163934428,1220
Jabberwocky,1977,2.950238221281101,1889
Hot Pursuit,1987,2.9472759226713534,1707
Short Circuit 2,1988,2.945228215767635,10845
Summer Lovers,1982,2.9444444444444446,1386
Joe Versus the Volcano,1990,2.9434615384615386,13000
Jaws 2,1978,2.9406576174841965,20407
Brannigan,1975,2.9375503626107977,2482
Haunted Honeymoon,1986,2.936725811851356,2987
Shivers,1975,2.935656836461126,1119
White Water Summer,1987,2.934794828555368,1779
The Survivors,1983,2.9328817733990147,1624
Flashback,1990,2.9313929313929314,2405
Highlander 2: Renegade Version,1990,2.929720853858785,6090
Toy Soldiers,1984,2.927749654855039,2173
Dick Tracy,1990,2.9261615738802846,11945
Big Top Pee-Wee,1988,2.9224242424242424,1650
Cobra,1986,2.91956610724519,9772
DeepStar Six,1989,2.9191960623461854,2438
The January Man,1989,2.9176954732510287,1701
Critters,1986,2.916057533600566,4241
The Hotel New Hampshire,1984,2.9157279933249898,2397
Prophecy,1979,2.9155305275637224,3374
The Lair of the White Worm,1988,2.909264565425024,2094
The Stuff,1985,2.9048387096774193,1240
The Woman in Red,1984,2.9018026565464896,4216
Killer Klowns from Outer Space,1988,2.901006711409396,3576
The Draughtsman's Contract,1982,2.8954501452081316,1033
Crimes of Passion,1985,2.8950276243093924,1448
City Heat,1984,2.894538606403013,1062
Two Moon Junction,1988,2.893939393939394,2046
New York,1977,2.8924825174825175,1144
The Story of O,1975,2.886872097931617,2369
Burglar,1987,2.8815995001562014,3201
Teen Wolf / Teen Wolf Too (Double Feature),1985,2.8807330646708884,10422
Friday the 13th: Part 8: Jason Takes Manhattan,1989,2.879222108495394,4885
Crocodile Dundee 2,1988,2.8787509313825104,14763
The Pick-up Artist,1987,2.8782447466007417,1618
S.O.B.,1981,2.872680412371134,1940
Earth Girls Are Easy,1989,2.872014872014872,6993
Bad Taste,1988,2.871410090556274,3865
Spaced Invaders,1990,2.8693270735524257,1278
Graveyard Shift,1990,2.8690787019768744,2681
Hot Dog: The Movie,1984,2.868595041322314,1210
Casual Sex?,1988,2.8677536231884058,1104
For Pete's Sake,1974,2.8627737226277374,1370
The Clan of the Cave Bear,1986,2.8617795187465025,1787
Cyborg,1989,2.861557177615572,4110
Skin Deep,1989,2.8573232323232323,1584
Pink Cadillac,1989,2.8536585365853657,1435
Zardoz,1974,2.848748083801737,1957
Attack of the Killer Tomatoes,1978,2.846299810246679,1054
C.H.U.D.,1984,2.8423265592151368,1427
Joe,1970,2.835570469798658,2682
Maximum Overdrive,1986,2.834851936218679,3512
House II: The Second Story,1987,2.8339852238157324,2301
The Main Event,1979,2.832558139534884,1505
Urotsukidoji,1989,2.8299319727891157,1176
Dark Star,1974,2.828901734104046,1730
The Hot Spot,1990,2.826388888888889,1296
Cadillac Man,1989,2.8250606662254576,4533
Fritz the Cat,1972,2.824760765550239,1672
Bronco Billy,1980,2.821961620469083,1876
Dark Habits,1983,2.8181818181818183,1386
Ghost Dad,1990,2.815779394867867,2611
Grease 2,1982,2.810419114766941,5106
The Texas Chainsaw Massacre 2,1983,2.8089480048367594,3308
Staying Alive,1983,2.8062723302897976,5038
18 Again,1988,2.8036187113857016,2266
Ernest Goes to Camp,1987,2.801956947162427,2555
Hidden Agenda,1990,2.8003237992444685,1853
I Spit On Your Grave,1978,2.7944003343083996,2393
Betsy's Wedding,1990,2.788793103448276,2088
Very Natural Thing,1973,2.7881694644284574,1251
Wild Orchid,1990,2.7878646441073514,4285
My Tutor,1983,2.7877000842459982,1187
Piranha,1978,2.785598267460747,1847
Who'll Stop The Rain,1978,2.781521184277693,1959
1969,1988,2.776965265082267,1094
Date With an Angel,1987,2.7764039155074705,1941
Bright Lights,1988,2.7732558139534884,1032
Vampire's Kiss,1989,2.769968051118211,1565
Child's Play 2: Chucky's Back,1990,2.762570663493008,6722
Masters of the Universe,1987,2.761888111888112,2860
Superman IV: The Quest for Peace,1987,2.761019649495486,7532
Elvira,1988,2.7573363431151243,2658
Look Who's Talking Too,1990,2.7568835282651074,32832
The Karate Kid Part III / The Next Karate Kid,1989,2.7559854267869537,11528
Punchline,1988,2.7544736842105264,3800
Johnny Be Good,1988,2.751552795031056,3381
The Last House on the Left,1972,2.750418200066912,2989
Thief of Hearts,1984,2.7503875968992246,1290
In the Realm of the Senses,1976,2.7483870967741937,3565
Shocker,1989,2.748117469879518,2656
My Stepmother is an Alien,1988,2.7369537547730167,4714
Pet Sematary 2,1990,2.7293187347931873,3288
The Tall Guy,1990,2.7270531400966185,1242
Caligula,1980,2.722978382706165,6245
After Dark My Sweet,1990,2.716227697536109,1177
Transylvania 6-5000,1985,2.7133571660708484,3077
The Bride,1985,2.710671936758893,1265
Good Guys Wear Black,1978,2.7101157523905384,1987
Breathless,1983,2.7089864158829675,1914
Baby: Secret of the Lost Legend,1985,2.7037593984962407,1330
Desperate Hours,1990,2.694687289845326,1487
The Fan,1981,2.6905761159862647,5242
She Devil,1989,2.681214421252372,3162
Tapeheads,1988,2.676775147928994,1352
Soul Man,1986,2.6443531023683695,5109
A Night in the Life of Jimmy Reardon,1988,2.64078431372549,1275
Fatal Beauty,1987,2.630391506303915,3014
Code of Silence,1985,2.623717489859222,4191
Stroker Ace,1983,2.6115013169446883,2278
Aria,1987,2.5860428231562254,1261
Caddyshack 2,1988,2.5767029721247923,5417
Saturday the 14th,1981,2.57116953762466,1103
The Bonfire of the Vanities,1990,2.5614617940199333,3612
Action Jackson,1988,2.5404907975460125,3260
Steel Dawn,1987,2.520361990950226,1768
The Bad News Bears Go to Japan!,1978,2.5086483023702755,1561
The Exorcist 2: The Heretic,1977,2.508313539192399,2105
The Adventures of Ford Fairlane,1990,2.5077047850770477,1233
Psycho III,1986,2.4606299212598426,1778
Saturn 3,1980,2.454397394136808,1842
Losin' It,1983,2.442857142857143,1960
Delta Force 2: Operation Stranglehold,1990,2.3062145005011696,5986
Perfect,1985,2.277194171467299,2951
The Man Who Loved Women,1983,2.240238611713666,1844
Ernest Goes to Jail,1990,2.2354009077155825,3305
Sheena,1984,2.227471566054243,2286
Shanghai Surprise,1986,1.7625838926174497,1192
